,70<=BG<=180,BG>180,BG<70,BG>250,BG<50,LBGI,HBGI,Risk Index
adult#001,100.0,0.0,0.0,0.0,0.0,0.0,1.7357823952164688,1.7357823952164688
